{  
   "layout":{  
      "pages":[  
         {  
            "id":"Infoblox",
            "title":"Infoblox endpoint",
            "sections":[  
               {  
                  "id":"secion_1",
                  "fields":[  
                     {  
                        "id":"privateKeyId",
                        "display":"textField"
                     },
                     {  
                        "id":"privateKey",
                        "display":"passwordField"
                     },
                     {  
                        "id":"hostName",
                        "display":"textField"
                     },
                     {  
                        "id":"properties",
                        "display":"datagrid",
                        "state":{  
                           "visible":true,
                           "read-only":false,
                           "hidden-fields":[  

                           ]
                        }
                     }
                  ]
               }
            ]
         }
      ]
   },
   "schema":{  
      "privateKeyId":{  
         "type":{  
            "dataType":"string"
         },
         "label":"Username",
         "constraints":{  
            "required":true
         }
      },
      "privateKey":{  
         "label":"Password",
         "type":{  
            "dataType":"secureString"
         },
         "constraints":{  
            "required":true
         }
      },
      "hostName":{  
         "type":{  
            "dataType":"string"
         },
         "label":"Hostname",
         "constraints":{  
            "required":true
         }
      },
      "properties":{  
         "type":{  
            "dataType":"complex",
            "isMultiple":true,
            "fields":[  
               {  
                  "label":"Key",
                  "id":"prop_key",
                  "type":{  
                     "dataType":"string"
                  },
                  "constraints":{  

                  }
               },
               {  
                  "label":"Value",
                  "id":"prop_value",
                  "type":{  
                     "dataType":"string"
                  },
                  "constraints":{  

                  }
               }
            ]
         },
         "placeholder":"",
         "default":[  
            {  
               "prop_key":"Infoblox.IPAM.APIType",
               "prop_value":"WAPI"
            },
            {  
               "prop_key":"Infoblox.IPAM.DisableCertificateCheck",
               "prop_value":"False"
            }
         ],
         "constraints":{  

         }
      }
   },
   "options":{  

   }
}
